,Cut_Volume,Fill_Volume
0,-694.4384765625,3626.2860107421875
